{
	"class_name" : "PinholeCameraParameters",
	"extrinsic" : 
	[
		-0.85188646895838582,
		-0.47236757384560296,
		-0.22618204876787174,
		0.0,
		0.47901433875115118,
		-0.87735539918511163,
		0.028156114638404006,
		0.0,
		-0.21174207724590402,
		-0.084358631449025348,
		0.97367803406651687,
		0.0,
		-7.2065412272099998,
		8.5475409472114254,
		133.12282670955005,
		1.0
	],
	"intrinsic" : 
	{
		"height" : 900,
		"intrinsic_matrix" : 
		[
			779.4228634059948,
			0.0,
			0.0,
			0.0,
			779.4228634059948,
			0.0,
			799.5,
			449.5,
			1.0
		],
		"width" : 1600
	},
	"version_major" : 1,
	"version_minor" : 0
}